DeliveryPersonID,FullName,Phone,HireDate,Rating
62001,Julia Jackson,001-443-435-4978x72965,2024-05-16,4.6
62002,Stuart Goodwin,380-299-0348x0424,2024-04-29,4.0
62003,Jennifer Williams,,2024-05-20,4.5
62004,,(225)492-0369x3091,2022-08-08,4.8
62005,Lori Brown,527-311-7226,2022-12-18,4.2
62006,Deanna Choi,690-018-4293x35984,2024-02-19,4.7
62007,Carla Johnston,+1-359-667-7153x9022,2023-12-27,5.0
62008,Carla Turner,001-365-003-2990x9006,2022-11-16,4.6
62009,Jennifer Hancock,+1-442-787-3554x0423,2021-05-20,4.0
62010,Johnathan Thomas,001-067-549-3934x396,2025-04-26,4.6
62011,Francisco Lewis,001-925-287-8357x33813,2022-06-01,5.0
62012,John Ramirez,302.364.1224,2024-05-13,4.3
62013,Alison Hudson,(372)033-5051x602,2022-06-08,4.4
62014,Erin Fuentes,155.587.0940x4224,2023-03-22,5.0
62015,Benjamin Wheeler,(551)253-8078,2020-12-17,4.6
62016,Sarah Short,001-505-349-4197x1575,2023-05-14,4.3
62017,Bryan Frederick MD,,2021-06-17,4.6
62018,Angela Caldwell,+1-563-520-0761,2026-05-14,4.6
62019,Anthony Lawson,+1-685-697-7143x36080,2020-08-22,4.9
62020,,001-610-392-7888x81893,2020-08-23,4.2
62021,William Myers,638-816-8785,2021-01-27,4.9
62022,Melinda Cantu,+1-050-965-6882x672,2024-10-11,4.6
62023,John Moore,208.147.2373x5640,2024-04-14,4.7
62024,Monica Joseph,8306978999,2023-06-24,4.1
62025,David Davila,+1-836-714-6749x066,2024-10-19,4.8
62026,Jennifer Watson,+1-571-164-5605,2023-06-06,4.8
62027,Christine Torres,001-180-739-2002x58565,2022-02-20,4.7
62028,John Woods,031.678.7192,2023-11-09,4.3
62029,Douglas Castillo,(012)402-5455,2020-07-09,4.7
62030,Yesenia Phillips,8099839767,2022-05-03,4.8
62031,Karen Collins,630-343-8300,2020-07-28,4.2
62032,Donna Edwards,+1-493-074-1799x654,2023-11-02,4.5
62033,Brittany Harvey,001-351-896-2252x756,2020-10-17,4.3
62034,Cameron Johnson,405.677.1251,2023-06-17,4.3
62035,Nancy Mckenzie,828-051-6660,2024-12-06,4.6
62036,Sarah Robinson,(788)447-9098,2023-07-26,4.3
62037,Jennifer Nguyen,695.844.4202x2482,2022-06-16,4.5
62038,Sara Lee,373-714-5031,2021-04-03,4.0
62039,Amanda Hernandez,+1-691-419-3960x61047,2021-02-08,4.3
62040,  Laura Garner  ,123456,2025-01-31,4.2
62041,,3414131811,2025-02-07,4.4
62042,Emily Rush,132-517-9044x70856,2020-05-01,5.0
62043,Denise Williams,(714)878-3103x1456,2022-08-19,4.5
62044,Calvin Duran,579.407.4033x744,2025-04-04,4.8
62045,Tracy Cole,+1-339-136-9412x641,2020-05-10,4.3
62046,Alice Jackson,001-753-180-5763x10108,2023-10-10,4.8
62047,Elizabeth Buchanan,(536)064-0047,2026-11-16,4.5
62048,Kyle Mcdowell,(989)484-8170x3610,2020-10-10,4.1
62049,Joy Mcdonald,001-177-375-9493x30781,2021-04-05,4.9
62050,Angela Rodriguez,001-600-490-2144x415,2023-03-01,4.9
62051,Jenny Ramirez,384.965.5239,2021-03-31,4.7
62052,Michael Cardenas,001-353-004-9992x6653,2023-08-09,4.2
62053,Tina Austin,+1-731-739-4624x8723,2025-01-31,5.0
62054,Sarah Bennett,392-768-7141x34931,2024-06-01,4.2
62055,Jeanette Pineda,(055)817-3579x21162,2023-03-16,4.1
62056,Michael Matthews,+1-354-646-3989x701,2022-11-02,4.3
62057,Lori Murphy,123456,2023-01-22,4.9
62058,Roy Wong,092-600-0110x15616,2020-12-01,4.2
62059,Julia Hoffman,981-213-0088x238,2022-11-24,4.9
62060,Jaime Berry,8672331044,2024-10-27,4.2
62061,Michael Raymond,365.561.9221x882,2021-07-05,4.0
62062,Daniel Miller,001-641-761-3023x6416,2022-05-08,4.3
62063,Collin Gentry,+1-916-764-0323x919,2022-04-05,4.8
62064,Vanessa Taylor,123456,2022-07-13,4.3
62065,Lori Flores,(252)964-4484,2022-06-07,5.0
62066,Nicole Patterson,001-868-111-4330x640,2026-05-07,4.3
62067,Jonathan Miller,559-062-7879x02591,2021-08-12,4.8
62068,Nicholas Blevins,721.626.6032,2021-12-09,4.6
62069,Edward Nichols,2955999773,2024-03-11,5.0
62070,Rebecca Gonzalez,(795)519-2474x111,2024-05-25,4.2
62071,Victoria Richmond,038.625.6761x125,2025-01-17,4.1
62072,Samuel Harris,0805630829,2021-09-25,4.8
62073,Wendy Hansen,732.107.8831x27365,2022-10-16,4.7
62074,Brittany Smith,(019)708-4287,2022-06-23,4.7
62075,Andrea Maldonado,(796)365-1295,2023-04-30,4.1
62076,Michael Smith,(108)194-8422x623,2020-09-22,4.8
62077,Jason Ferrell,(235)028-3034,2021-07-13,4.6
62078,Margaret Gonzalez,539.169.2809x166,2022-03-14,4.4
62079,,+1-687-403-3045x441,2020-06-24,4.2
62080,Jeffrey Baker,008.445.8015x176,2022-11-12,4.1
62081,Tony Greer,(809)241-1505,2020-06-22,4.4
62082,Tracey Russell,001-613-152-5523,2021-09-14,4.4
62083,Ricky Tran,5883774354,2020-10-21,4.4
62084,Sarah Torres,(253)950-1115x2558,2024-01-09,4.6
62085,Julie Padilla,+1-826-031-7489,2020-06-24,4.8
62086,Alicia Kerr,(880)971-8614x229,2022-03-12,4.2
62087,Michael Moyer,001-459-205-5967x57799,2021-01-26,4.7
62088,Colin Cole,001-830-457-6274,2023-02-01,4.0
62089,Melanie Miller,(089)589-7015x2213,2022-01-12,4.7
62090,Joseph Frank,0834761289,2024-09-16,4.4
62091,Mikayla Smith,461.139.9799x2715,2023-09-02,4.1
62092,Susan Chase,387.885.2858,2024-09-04,5.0
62093,Matthew Payne,001-439-763-0900x73794,2025-04-10,4.4
62094,Dr. Terri Valdez,457-444-1076x9262,2023-08-08,4.5
62095,  Tammy Mitchell  ,475.916.0435,2027-01-06,4.3
62096,Christine Carr,907-996-5857x83756,2025-01-06,4.6
62097,  John Parker  ,407.307.1776,2021-02-12,4.3
62098,Melissa Heath,007-883-6922x33854,2020-06-08,4.8
62099,Colin Perkins,+1-528-502-3126x532,2024-03-21,4.2
62100,Michael Page,497-249-0322,2022-05-30,4.1
62101,John Carter,+1-509-355-5570x200,2023-10-26,4.8
62102,David Lee,459-476-1218x9391,2021-07-29,4.6
62103,Nicholas Floyd,(507)612-2283x05644,2023-11-20,4.8
62104,Heather Lambert,555-595-0263x560,2024-07-27,4.9
62105,Dr. Larry Chambers DVM,327.639.9046,2020-08-14,5.0
62106,Christopher Harmon,696.269.0222,2020-11-05,4.1
62107,Jade Rogers,6179067015,2021-03-27,4.9
62108,Anthony Silva,449.076.9721,2023-07-29,4.3
62109,Benjamin Banks,+1-339-192-9692x10530,2024-05-28,4.8
62110,Christopher Butler,8228377427,2020-10-12,4.7
62111,Marc Nguyen,001-887-282-0632x2801,2021-09-29,4.5
62112,Kenneth Brown,466-589-5247x6096,2020-06-26,4.2
62113,Stacey Tapia,245.257.3787x477,2024-12-22,4.2
62114,Debbie Alexander,001-946-577-7061x298,2024-07-28,4.5
62115,Tiffany Hernandez,268-092-8261x6417,2020-07-19,4.2
62116,Craig Vasquez,123456,2024-05-02,4.9
62117,Laura Richardson,279-831-2428,2023-05-23,4.8
62118,Jake Jennings,601-991-9848,2020-06-27,4.2
62119,April Park,086.715.2077x1074,2020-10-24,4.0
62120,Danny Proctor,001-579-672-4610,2023-02-08,4.2
62121,Anna House,001-007-017-8502,2020-06-02,4.3
62122,Charles Ortega,001-723-920-1029,2024-04-28,4.0
62123,Marcus Morrison,753-965-9744x252,2023-08-01,4.8
62124,Melanie Gallagher,204-164-1537x405,2021-02-09,4.5
62125,Whitney Allen,001-937-669-9768x16085,2023-03-30,5.0
62126,Brandon Flynn MD,+1-058-496-8814x49908,2020-10-25,4.3
62127,Robert Rogers,(240)574-4509x9986,2026-07-07,4.8
62128,Phillip Stewart,911.110.8518x466,2024-09-02,4.6
62129,Mary Acosta,+1-321-359-6183x073,2022-08-29,4.0
62130,Sarah Smith,001-022-642-5972x05548,2021-09-18,4.4
62131,Kelly Wilkerson,819.214.7498x4746,2020-05-12,4.5
62132,Kevin Walls,784-721-4617,2021-11-17,4.1
62133,Mr. Robert Cooper Jr.,(676)988-9798,2024-10-13,4.2
62134,John Carter,847-413-4019x29360,2023-02-10,4.2
62135,Jessica Dominguez,193-463-8901x24844,2024-05-22,4.2
62136,Jennifer Kramer,(611)568-6223x070,2023-11-19,4.5
62137,David Johnson,316-022-7433x03727,2020-11-22,4.5
62138,Madison Martin,756-311-2138x0782,2025-01-23,4.1
62139,Kimberly Yates,(615)459-8586x6356,2023-02-04,4.6
62140,Elizabeth Mills,2882521288,2023-07-25,4.4
62141,Andrew Schaefer,+1-469-984-2882x847,2020-08-16,4.1
62142,Andrew Miller,298.871.2320,2022-02-02,4.1
62143,,277-862-6852x7287,2023-07-17,4.6
62144,Dr. Brittany Wagner,783.471.0628x3345,2023-06-15,4.4
62145,Mr. Jeffery Lee,+1-277-004-5358x5973,2026-06-15,4.6
62146,Connie Fields,(285)704-2402,2023-02-19,4.3
62147,Dylan Jenkins,+1-397-704-1167x881,2023-05-19,4.9
62148,Jennifer Mueller,673-865-6904x4846,2024-07-26,4.6
62149,Christine Dawson,+1-124-895-5877x006,2021-09-11,4.1
62150,Lucas Case,001-942-640-7608,2026-07-17,4.4
62151,Carl Higgins,398.013.8716,2021-07-17,4.3
62152,Danielle Coleman,+1-058-108-0153x374,2022-01-01,4.3
62153,Jimmy Anderson,+1-772-871-5659x6957,2025-04-07,4.5
62154,Elizabeth Yu,959-955-0553x62917,2021-04-18,4.3
62155,Jacob Wu,123456,2021-09-18,4.6
62156,Angela Santos,192-145-7445,2021-08-02,4.2
62157,Dan Clarke,+1-276-947-3088x24035,2026-07-03,4.7
62158,Anna Jackson,402-936-3409x4121,2025-01-05,4.9
62159,Heidi Rivas,123456,2022-06-21,3.7
62160,Robert Rios,(546)018-9113,2022-11-23,4.4
62161,Monica Hall,571.339.9627x68612,2024-07-08,4.3
62162,Robert Wilson,202-913-8130,2021-02-07,4.3
62163,Scott Castro,(989)088-8196,2023-10-29,4.2
62164,Isaac Lopez,001-199-082-1335,2023-08-29,4.8
62165,Monica Horton,723-667-0417,2021-01-16,4.6
62166,Matthew Vazquez,001-191-874-0501,2022-05-10,5.0
62167,Rachael Johnson,449.560.7148,2024-05-10,4.9
62168,Haley Mckenzie,752.572.3163x1603,2024-07-20,4.5
62169,Kathy Jones,+1-057-039-9630x6670,2020-06-08,4.6
62170,Lawrence Powell,+1-669-323-3700x715,2024-10-07,4.6
62171,Rachael Carpenter,408-633-2343,2020-07-31,4.2
62172,Jennifer Preston,001-744-888-3923x75909,2024-07-06,4.5
62173,Joseph Small,+1-258-545-5139,2021-04-17,4.2
62174,Tina Harrington,482.367.8838,2024-06-24,4.0
62175,Shawn Randall,238.004.3647,2023-06-02,4.7
62176,Jennifer Roach,867-416-3712x063,2021-03-21,4.2
62177,Gregory Jackson,760.145.8408x114,2022-06-22,4.7
62178,Jacqueline Thompson,436-116-8611,2022-12-06,4.7
62179,Andre Gonzalez,(118)926-0555x4654,2021-10-24,4.2
62180,Kathryn Wright,437.714.0344x54595,2023-10-23,4.4
62181,Alyssa Hall,1196227238,2027-03-04,4.9
62182,Susan Mcdaniel,001-173-683-8509x570,2025-04-20,4.6
62183,Allen Moran,001-165-081-1364,2020-06-25,4.2
62184,Robert Fuller,+1-437-700-6279,2023-02-18,4.8
62185,Laura Walter,429-544-9669,2023-02-14,4.7
62186,Russell Pollard,001-756-275-2800x16173,2022-08-16,4.6
62187,Kevin Logan,001-592-351-6383x264,2024-09-11,4.1
62188,Michelle Mcdaniel,+1-001-707-8129x45761,2022-05-10,4.2
62189,Devin Duarte,001-484-142-3552,2024-12-05,4.4
62190,Daniel Jackson,+1-756-798-1302,2023-11-05,4.7
62191,Jamie Walsh,001-711-588-2187x089,2022-09-06,5.0
62192,Nathan Smith,001-911-611-4644x6119,2024-08-12,5.0
62193,Peter Ellis,247-388-5237x7487,2024-03-21,4.8
62194,  John Castro  ,253-251-2180,2025-01-01,4.9
62195,Nicole Sullivan,001-909-666-0286,2023-05-22,4.2
62196,Sarah Dunn,957.164.6821,2020-04-30,4.0
62197,Chelsea Kaiser,090.703.7808x8669,2022-03-26,4.8
62198,Jonathan Pittman,001-098-348-4926x74876,2026-12-23,3.7
62199,Anthony Wells,456-572-6765x4198,2021-09-06,4.6
62200,  Jillian Willis  ,795.003.4522x0262,2023-09-13,4.9
